<?xml version="1.0" encoding="UTF-8" standalone="yes"?>
<addon id="plugin.program.hyperion-controller" name="hyperion-controller" version="0.1.0" provider-name="JFtechOfficial">
	<requires>
		<import addon="xbmc.python" version="2.19.0" />
		<import addon="script.module.pyxbmct" version="1.1.4" />
		<import addon="script.module.routing" version="0.2.0"/>
		<import addon="script.module.simplejson" version="3.4.0"/>
	</requires>
	<extension point="xbmc.python.pluginsource" library="default.py">
		<provides>executable</provides>
	</extension>
	<extension point="xbmc.addon.metadata">
		<summary lang="en">hyperion-controller</summary>
		<summary lang="it">hyperion-controller</summary>
		<description lang="en">Control Hyperion directly from Kodi with this plugin</description>
		<description lang="it">Controlla Hyperion direttamente da Kodi con questo plugin</description>
		<platform>all</platform>
		<forum>http://www.youtube.com/JFtech</forum>
		<website>http://www.youtube.com/JFtech</website>
		<news>
		- added screenshots
		</news>
		<license>MIT</license>
		<assets>
			<icon>icon.png</icon>
			<!-- <fanart>icon.png</fanart> -->
			<screenshot>resources/images/screenshot-1.png</screenshot>
			<screenshot>resources/images/screenshot-2.png</screenshot>
			<screenshot>resources/images/screenshot-3.png</screenshot>
		</assets>
	</extension>
</addon>
