<?xml version="1.0" encoding="UTF-8"?>
    <addon id="repository.JFtech4Kodi" name="JFtech4Kodi" version="1.0.0" provider-name="JFtech">
        <requires>
            <import addon="xbmc.addon" version="12.0.0"/>
        </requires>
        <extension point="xbmc.addon.repository" name="JFtech4Kodi">
            <info compressed="false">https://raw.githubusercontent.com/JFtechOfficial/repository.JFtech4Kodi/master/_repo/addons.xml</info>
            <checksum>https://raw.githubusercontent.com/JFtechOfficial/repository.JFtech4Kodi/master/_repo/addons.xml.md5</checksum>
            <datadir zip="true">https://raw.githubusercontent.com/JFtechOfficial/repository.JFtech4Kodi/master/_repo/</datadir>
            <hashes>false</hashes>
        </extension>
        <extension point="xbmc.addon.metadata">
            <summary>JFtech Kodi repo</summary>
            <description>JFtech Official Kodi repository.</description>
            <platform>all</platform>
    </extension>
</addon>